epoch,DBP_loss,DBP_mae,SBP_loss,SBP_mae,loss,val_DBP_loss,val_DBP_mae,val_SBP_loss,val_SBP_mae,val_loss
0,69.97069549560547,5.991459846496582,273.447021484375,12.006485939025879,343.417236328125,43.402591705322266,4.619634628295898,257.63604736328125,10.910447120666504,301.0384216308594
